{"providers":[
		{
			"type": "bitmap",
			"file": "minecraft:juako/guardian.png",
			"height": 9,
			"ascent": 9,
			"chars": [
				""
			]
		},
		{
			"type": "bitmap",
			"file": "minecraft:juako/skyrider.png",
			"height": 9,
			"ascent": 9,
			"chars": [
				""
			]
		},
		{
			"type": "bitmap",
			"file": "minecraft:juako/gatekeeper.png",
			"height": 9,
			"ascent": 9,
			"chars": [
				""
			]
		},
		{
			"type": "bitmap",
			"file": "minecraft:juako/miner.png",
			"height": 9,
			"ascent": 9,
			"chars": [
				""
			]
		},
		{
			"type": "bitmap",
			"file": "minecraft:juako/builder.png",
			"height": 9,
			"ascent": 9,
			"chars": [
				""
			]
		},
		{
			"type": "bitmap",
			"file": "minecraft:juako/helper.png",
			"height": 9,
			"ascent": 9,
			"chars": [
				""
			]
		},
		{
			"type": "bitmap",
			"file": "minecraft:juako/mod.png",
			"height": 9,
			"ascent": 9,
			"chars": [
				""
			]
		},
		{
			"type": "bitmap",
			"file": "minecraft:juako/admin.png",
			"height": 9,
			"ascent": 9,
			"chars": [
				""
			]
		},
		{
			"type": "bitmap",
			"file": "minecraft:juako/owner.png",
			"height": 9,
			"ascent": 9,
			"chars": [
				""
			]
		},
		{
			"type": "bitmap",
			"file": "minecraft:juako/angel.png",
			"height": 9,
			"ascent": 9,
			"chars": [
				""
			]
		},
		{
			"type": "bitmap",
			"file": "minecraft:juako/god.png",
			"height": 9,
			"ascent": 9,
			"chars": [
				""
			]
		},
		{
			"type": "bitmap",
			"file": "minecraft:juako/god2.png",
			"height": 9,
			"ascent": 9,
			"chars": [
				"诶"
			]
		},
		{
			"type": "bitmap",
			"file": "minecraft:juako/redbackground.png",
			"height": 9,
			"ascent": 9,
			"chars": [
				"西"
			]
		},
		{
			"type": "bitmap",
			"file": "minecraft:juako/logo.png",
			"height": 16,
			"ascent": 16,
			"chars": [
				"必"
			]
		},
		{
			"type": "bitmap",
			"file": "minecraft:juako/sblogo.png",
			"height": 16,
			"ascent": 16,
			"chars": [
				"踢"
			]
		}

]
}